<?xml version="1.0" encoding="UTF-8" standalone="yes"?>
<DataInfo xmlns="http://www.w3.org/2000/09/xmldsig#">
	<SignedData>
		<EnvelopInfo>
			<Message_Type>USF001</Message_Type>
			<Master_Customs_Code/>
		</EnvelopInfo>
		<Data>
			<PRE_ENTRY_ID>000000000000039812</PRE_ENTRY_ID>
			<ENTRY_ID>530420130045126686</ENTRY_ID>
			<FILE_NAME>53040000000800000000000008067848.pdf</FILE_NAME>
			<FORMAT_TYPE>US</FORMAT_TYPE>
			<TRADE_CODE>3508964901</TRADE_CODE>
			<MASTER_CUSTOMS_CODE>5304</MASTER_CUSTOMS_CODE>
			<GROUP_ID>5</GROUP_ID>
			<TRADE_FILE_NAME>2013B-012W.pdf</TRADE_FILE_NAME>
			<DECL_TYPE>F</DECL_TYPE>
			<DECL_TIME>2012-08-06T15:23:44</DECL_TIME>
			<DECL_CODE>8800000272975</DECL_CODE>
			<DECL_NAME>曾丽华</DECL_NAME>
			<FILE_TYPE>00000008</FILE_TYPE>
			<FILE_SOURCE>PORT</FILE_SOURCE>
			<FILE_DIGEST>oY0GuM02vlMRCBkozSeQoF8crc4=</FILE_DIGEST>
			<SIGN_CERT>00bc7c01</SIGN_CERT>
			<FILE_SIGN>YNeTMsAG+6fpTwKiALV1g+MNbPPq95XsPUD4WxdCP1ttHSX2ScvDUtDDj1x63lrjXMY3e0r8xEcpFTCYR0nFzAU8gP6LQEY6UCG8WeHwhsYXsAFk7BNwULLXbVU+D2miO2BfOyJg/H5THYuwkFl3cvCQwhdsjAM7jP9k/C81Zks=</FILE_SIGN>
			<OP_NOTE/>
		</Data>
		<SubSignedInfo>
			<SignerID/>
			<KeyName/>
			<HashSign/>
		</SubSignedInfo>
	</SignedData>
</DataInfo>
