<?xml version="1.0" encoding="UTF-8"?>
<Signature xmlns="http://www.w3.org/2000/09/xmldsig#">
	<SignedInfo>
		<CanonicalizationMethod Algorithm="http://www.w3.org/TR/2001/REC-xml-c14n-20010315"/>
		<SignatureMethod Algorithm="http://www.w3.org/2000/09/xmldsig#rsa-sha1"/>
		<Reference URI="#001">
			<DigestMethod Algorithm="http://www.w3.org/2000/09/xmldsig#sha1"/>
			<DigestValue>mjLRlPCOB519BmGYmUzvezvRQXU=</DigestValue>
		</Reference>
	</SignedInfo>
	<SignatureValue>
mxIOngpT7c10l5eR4ahnPAfM6ClmImLLPfPSuLAG32Qqm6ZiQW6M69Dmw/M1/ZmxTpbBTHq9fznK
HjY7e5r1/cbuoD2KxvNrVMafDUIBtKoj5ELdbb40AzLq7wjATpN8J2v2EAHaZ6l2cvjRzhvVX5g9
9fAJEyCzup6hiBsw1xM=
</SignatureValue>
	<KeyInfo>
		<KeyName>00bc7c01</KeyName>
	</KeyInfo>
	<Object Id="001">
		<Package>
			<EnvelopInfo>
				<version>1.0</version>
				<message_id>E010000H2K00000000000000120170317094554</message_id>
				<file_name>E010000H2K00000000000000120170317094554.USF</file_name>
				<message_type>USF102</message_type>
				<sender_id>E010000</sender_id>
				<receiver_id>H2K0000</receiver_id>
				<send_time>2017-03-17T09:45:54.000+08:00</send_time>
			</EnvelopInfo>
			<DataInfo>
				<SignedData>
					<Data>
						<USF102>
							<FILE_NAME>420100000001TCSXLANGYUE000000001.pdf</FILE_NAME>
							<FILE_TYPE>00000001</FILE_TYPE>
							<OP_TIME>2015-08-25 16:29:45</OP_TIME>
							<PROC_RESULT>F</PROC_RESULT>
							<PROC_DESC>Eport:报文校验失败</PROC_DESC>
						</USF102>
					</Data>
					<SubSignedInfo>
						<SignerID/>
						<KeyName/>
						<HashSign/>
					</SubSignedInfo>
				</SignedData>
			</DataInfo>
		</Package>
	</Object>
</Signature>
