<?xml version="1.0" encoding="UTF-8" ?>
<DxpRep ver="1.0" xmlns="http://www.chinaport.gov.cn/dxp" xmlns:ns1="http://www.w3.org/2000/09/xmldsig#" xmlns:ns2="##other"><RecevierId>user01</RecevierId><Response><ResponseCode>0</ResponseCode><ResponseInfo>接收成功。</ResponseInfo><Results><Result><RecId>user02</RecId><Code>0</Code><Info>接收成功。</Info></Result></Results><NoticeTime>2016-01-05</NoticeTime><OriHead><CopMsgId>201203270001</CopMsgId><SenderId>user01</SenderId><ReceiverIds><ReceiverId>user02</ReceiverId></ReceiverIds><CreatTime>2016-01-05T19:51:00.000+08:00</CreatTime><MsgType/></OriHead></Response></DxpRep>