<?xml version="1.0" encoding="UTF-8"?>
<DecModMessage xmlns:xsd="http://www.w3.org/2001/XMLSchema" xmlns:xsi="http://www.w3.org/2001/XMLSchema-instance" xmlns="http://www.chinaport.gov.cn/dec">
	<DecModSeqNo></DecModSeqNo>
	<DecModType>2</DecModType>
	<EntryId>010120170012000111</EntryId>
	<CustomsCode>0100</CustomsCode>
	<TradeCode>1105910159</TradeCode>
	<TradeName>String</TradeName>
	<AgentCode>1105910159</AgentCode>
	<AgentName>String</AgentName>
	<DecModNote>丁梅的修改单原因字段</DecModNote>
	<CheckMark>1</CheckMark>
	<DecSeqNo>000000032003491931</DecSeqNo>
	<Sign>bdOIFHPY0NOCBmFvP/GeT7Jkw6EmUh7y8K+TaPlBtrymDbXRKVkWnw2Embs0hvpR3WBVL5lNj3hNFA8/w4tD0KaoK3NNRMYktxkHNxvVw2lCj5KEczFAFYPFY6+9HkXOHGpK/kfWpv/p3g59v3iFK6PAnFn/c8AsiX7hm9Rb0lo=</Sign>
	<SignTime>20170223163910</SignTime>
	<IeFlag>I</IeFlag>
	<EdocsRealation>
	    <EdocID>01040000000500000000000000002011.pdf</EdocID>
		<EdocCode>00000005</EdocCode>
		<EdocFomatType>US</EdocFomatType>
		<OpNote></OpNote>
		<EdocCopId>200DPI_BW_1.pdf</EdocCopId>
		<SignTime>20120526163910</SignTime>
		<SignUnit>000000000</SignUnit>
		<EdocOwnerCode>1105910159</EdocOwnerCode>
		<EdocOwnerName>北京测试企业1</EdocOwnerName>
		<EdocSize>100</EdocSize>
	</EdocsRealation>
	<OperType>G</OperType>
	<IcCode>8680000273535</IcCode>
	<FeedDept>String</FeedDept>
	<EntOpName>StringSSSSSSSSSSSSSSSSSSS</EntOpName>
	<EntOpTele>StringSSSSSSSSSSSSSSSSSS</EntOpTele>
</DecModMessage>
