<?xml version="1.0" encoding="UTF-8"?>
<DecModMessage xmlns:xsd="http://www.w3.org/2001/XMLSchema" xmlns:xsi="http://www.w3.org/2001/XMLSchema-instance" xmlns="http://www.chinaport.gov.cn/dec">
	<DecModSeqNo></DecModSeqNo>
	<DecModType>2</DecModType>
	<EntryId>010020150014784513</EntryId>
	<CustomsCode>0100</CustomsCode>
	<TradeCode>1105910159</TradeCode>
	<TradeName>String</TradeName>
	<AgentCode>1105910159</AgentCode>
	<AgentName>String</AgentName>
	<DecModNote>丁梅的修改单原因字段</DecModNote>
	<CheckMark>1</CheckMark>
	<DecSeqNo>000000021772541788</DecSeqNo>
	<Sign>bdOIFHPY0NOCBmFvP/GeT7Jkw6EmUh7y8K+TaPlBtrymDbXRKVkWnw2Embs0hvpR3WBVL5lNj3hNFA8/w4tD0KaoK3NNRMYktxkHNxvVw2lCj5KEczFAFYPFY6+9HkXOHGpK/kfWpv/p3g59v3iFK6PAnFn/c8AsiX7hm9Rb0lo=</Sign>
	<SignTime>20120526 16:39:10</SignTime>
	<IeFlag>I</IeFlag>
	<EdocsRealation>
	    <EdocID>01040000000500000000000000002011.pdf</EdocID>
		<EdocCode>00000005</EdocCode>
		<EdocFomatType>US</EdocFomatType>
		<OpNote></OpNote>
		<EdocCopId>200DPI_BW_1.pdf</EdocCopId>
		<SignTime>20120526163910</SignTime>
		<SignUnit>000000000</SignUnit>
		<EdocOwnerCode>1105910159</EdocOwnerCode>
		<EdocOwnerName>北京测试企业1</EdocOwnerName>
		<EdocSize>100</EdocSize>
	</EdocsRealation>
	<OperType>H</OperType>
	<EntOpName>张三李四王五</EntOpName>
	<EntOpTele>18001155241</EntOpTele>
	<CopAffirmData>
		<SeqNo>H2015000000555555</SeqNo>
		<FormCode>5</FormCode>
		<EntryId>185</EntryId>
		<AffirmResult>1</AffirmResult>
		<Note>yyyyyyyy同意同意</Note>
		<Contact>18001155270</Contact>
	</CopAffirmData>
</DecModMessage>