<?xml version="1.0" encoding="UTF-8"?>
<DecModMessage xmlns:xsd="http://www.w3.org/2001/XMLSchema" xmlns:xsi="http://www.w3.org/2001/XMLSchema-instance" xmlns="http://www.chinaport.gov.cn/dec">
	<DecModSeqNo></DecModSeqNo>
	<DecModType>1</DecModType>
	<EntryId>010020121002006053</EntryId>
	<CustomsCode>0100</CustomsCode>
	<TradeCode>1105910159</TradeCode>
	<TradeName>String</TradeName>
	<AgentCode>1105910159</AgentCode>
	<AgentName>String</AgentName>
	<DecModNote>丁梅的修改单原因字段</DecModNote>
	<CheckMark>1</CheckMark>
	<DecSeqNo>000000032003390646</DecSeqNo>
	<Items>
    <Item>
      <No>1</No>
      <FieldCode>EXG_VERSION</FieldCode>
      <FieldName>版本号</FieldName>
      <OldValue>12580</OldValue>
      <NewValue>121</NewValue>
      <List>
        <GNo>1</GNo>
        <ListType>1</ListType>
      </List>
    </Item>
    <Item>
      <No>2</No>
      <FieldCode>G_QTY</FieldCode>
      <FieldName>成交数量</FieldName>
      <OldValue>1888.2127</OldValue>
      <NewValue>1000</NewValue>
      <List>
        <GNo>1</GNo>
        <ListType>1</ListType>
      </List>
    </Item>
    <Item>
      <No>3</No>
      <FieldCode>QTY_1</FieldCode>
      <FieldName>法定数量</FieldName>
      <OldValue>1888.2127</OldValue>
      <NewValue>11</NewValue>
      <List>
        <GNo>1</GNo>
        <ListType>1</ListType>
      </List>
    </Item>
    <Item>
      <No>4</No>
      <FieldCode>CODE_T</FieldCode>
      <FieldName>商品编号</FieldName>
      <OldValue>01021000</OldValue>
      <NewValue>20011000</NewValue>
      <List>
        <GNo>1</GNo>
        <ListType>1</ListType>
      </List>
    </Item>
    <Item>
      <No>5</No>
      <FieldCode>G_NAME</FieldCode>
      <FieldName>商品名称</FieldName>
      <OldValue>玻璃</OldValue>
      <NewValue>玻璃瓶</NewValue>
      <List>
        <GNo>1</GNo>
        <ListType>1</ListType>
      </List>
    </Item>
    <Item>
      <No>6</No>
      <FieldCode>DECL_PRICE</FieldCode>
      <FieldName>申报单价</FieldName>
      <OldValue>145.53</OldValue>
      <NewValue>211200</NewValue>
      <List>
        <GNo>1</GNo>
        <ListType>1</ListType>
      </List>
    </Item>
    <Item>
      <No>7</No>
      <FieldCode>G_QTY</FieldCode>
      <FieldName>成交数量</FieldName>
      <OldValue>2888.2128</OldValue>
      <NewValue>11212</NewValue>
      <List>
        <GNo>2</GNo>
        <ListType>1</ListType>
      </List>
    </Item>
    <Item>
      <No>8</No>
      <FieldCode>QTY_2</FieldCode>
      <FieldName>第二数量</FieldName>
      <OldValue>8888.2128</OldValue>
      <NewValue>4554</NewValue>
      <List>
        <GNo>2</GNo>
        <ListType>1</ListType>
      </List>
    </Item>
    <Item>
      <No>9</No>
      <FieldCode>G_NAME</FieldCode>
      <FieldName>商品名称</FieldName>
      <OldValue>其他烟斗及烟斗头</OldValue>
      <NewValue>烟斗头</NewValue>
      <List>
        <GNo>2</GNo>
        <ListType>1</ListType>
      </List>
    </Item>
    <Item>
      <No>10</No>
      <FieldCode>DOCU_CODE</FieldCode>
      <FieldName>单证代码</FieldName>
      <OldValue>8</OldValue>
      <NewValue>1</NewValue>
      <List>
        <GNo>8</GNo>
        <ListType>3</ListType>
      </List>
    </Item>
        <Item>
      <No>11</No>
      <FieldCode>UNIT_1</FieldCode>
      <FieldName>法定单位</FieldName>
      <OldValue>001</OldValue>
      <NewValue>002</NewValue>
      <List>
        <GNo>2</GNo>
        <ListType>1</ListType>
      </List>
    </Item>
        <Item>
      <No>12</No>
      <FieldCode>CONTAINER_MD</FieldCode>
      <FieldName>集装箱类型</FieldName>
      <OldValue>S</OldValue>
      <NewValue>L</NewValue>
      <List>
        <GNo>11111111002</GNo>
        <ListType>2</ListType>
      </List>
    </Item>
        <Item>
      <No>13</No>
      <FieldCode>CODE_S</FieldCode>
      <FieldName>商品附加码</FieldName>
      <OldValue>01</OldValue>
      <NewValue>02</NewValue>
      <List>
        <GNo>1</GNo>
        <ListType>1</ListType>
      </List>
    </Item>
  </Items>
	<Sign>LgWw1ZN3ArFsMruef9y+Md7W8e7IVrYkFP5svDXiltccMEnw42OpnFRa7ZTAMZtOrRLRboKdwYfSzi+VEXvZwKAGuUeZwZb6B7wh3kqPCviteQYZzxXZwyYHop7KnYPmzPiWjDnauxaaC/2AiciQcgVHYI6+UgqcmJkkeo04dM8=</Sign>
	<SignTime>20120526163910</SignTime>
	<IeFlag>I</IeFlag>
	<EdocsRealation>
	    <EdocID>01000000000500000000000000015271.pdf</EdocID>
		<EdocCode>00000005</EdocCode>
		<EdocFomatType>US</EdocFomatType>
		<OpNote></OpNote>
		<EdocCopId>123321.pdf</EdocCopId>
		<SignTime>20120803163910</SignTime>
		<SignUnit>000000000</SignUnit>
		<EdocOwnerCode>1105910159</EdocOwnerCode>
		<EdocOwnerName>北京测试企业1</EdocOwnerName>
		<EdocSize>100</EdocSize>
	</EdocsRealation>
	<OperType>G</OperType>
	<IcCode>8680000273535</IcCode>
	<FeedDept>String</FeedDept>
	<EntOpName>StringSSSSSSSSSSSSSSSSSSS</EntOpName>
	<EntOpTele>StringSSSSSSSSSSSSSSSSSS</EntOpTele>
</DecModMessage>
