<?xml version="1.0" encoding="UTF-8" standalone="yes"?>
<ns2:DecImportResponse xmlns:ns2="http://www.chinaport.gov.cn/dec">
	<ns2:ResponseCode>0</ns2:ResponseCode>
	<ns2:ErrorMessage>第1项商品缺少B证
</ns2:ErrorMessage>
	<ns2:ClientSeqNo>decnew201702241727</ns2:ClientSeqNo>
	<ns2:SeqNo>Z11000000002642272</ns2:SeqNo>
	<ns2:TrnPreId>T11000000000048962</ns2:TrnPreId>
	<ns2:SupResult>
		<ns2:PreSupId>000000000000026317</ns2:PreSupId>
		<ns2:GNo>1</ns2:GNo>
		<ns2:SupType>A</ns2:SupType>
	</ns2:SupResult>
</ns2:DecImportResponse>
