<?xml version="1.0" encoding="UTF-8"?>
<DecMessage xmlns="http://www.chinaport.gov.cn/dec">
          <DecHead>
            <SeqNo></SeqNo>
            <PreEntryId></PreEntryId>
            <ManualNo>E01000000101</ManualNo>            
            <CustomMaster>0201</CustomMaster>
            <IEPort>2202</IEPort>
            <ContrNo></ContrNo>
            <BillNo></BillNo>
            <TrafMode>9</TrafMode>
            <TrafName></TrafName>
            <TradeCode>1105910159</TradeCode>
            <TradeName>产品部测试组</TradeName>
            <OwnerCode>1105910159</OwnerCode>
            <OwnerName>产品部测试组</OwnerName>
            <AgentCode>1105910159</AgentCode>
            <AgentName>产品部测试组</AgentName>
            <DistrictCode>37065</DistrictCode>
            <TradeCountry>101</TradeCountry>
            <PaymentMark></PaymentMark>
            <TradeMode>0110</TradeMode>
            <DistinatePort>101</DistinatePort>
            <TransMode>3</TransMode>
            <CutMode>101</CutMode>
            <FeeMark>1</FeeMark>
            <FeeRate>33</FeeRate>
            <FeeCurr>142</FeeCurr>
            <LicenseNo></LicenseNo>
            <InsurMark>1</InsurMark>
            <InsurRate>22</InsurRate>
            <InsurCurr>142</InsurCurr>
            <OtherMark>1</OtherMark>
            <OtherRate>44</OtherRate>
            <OtherCurr>142</OtherCurr>
            <WrapType>7</WrapType>
            <PackNo>12</PackNo>
            <GrossWet>39</GrossWet>
            <NetWt>17</NetWt>
            <NoteS>@0942082218500030,221820091189125944</NoteS>
            <IEDate/>
            <IEFlag>E</IEFlag>            
            <AgentLinkMan>1</AgentLinkMan>
            <AgentLinkMAIL>na n.lee@foxconn.com</AgentLinkMAIL>
            <AgentLinkPHONE>2222-2168000-79588</AgentLinkPHONE>
            <OwnerLinkMan/>
            <OwnerLinkMAIL/>
            <OwnerLinkPHONE/>
            <Type></Type>
            <ChkSurety>0</ChkSurety>
            <EntryType>M</EntryType> 
            <EntryId></EntryId>
            <EdiId>1</EdiId>
            <Risk/>
            <CopName>产品部测试组</CopName>
            <CopCode>000000000</CopCode>
            <PDate/>
            <TypistNo>0000000009505</TypistNo>
            <InputerName>20080107</InputerName>
            <InputerNameMAIL></InputerNameMAIL>
            <InputerNamePHONE></InputerNamePHONE>
            <PartenerID></PartenerID>
            <TgdNo/>
            <DataSource/>
            <DeclTrnRel>1</DeclTrnRel>
            <BillType>1</BillType>
            <AgentCodeScc>123456789012345678</AgentCodeScc>
            <OwnerCodeScc>123456789012345678</OwnerCodeScc>
            <TradeCodeScc>123456789012345678</TradeCodeScc>
            <CopCodeScc>12345678901234567</CopCodeScc>
            <PromiseItmes>0111</PromiseItmes>
            <TradeAreaCode>502</TradeAreaCode>
          </DecHead>
          <DecLists>
            <DecList>
              <GNo>1</GNo>
              <ContrItem>1</ContrItem>
              <CodeTS>3503001001</CodeTS>
              <GName>gname</GName>
              <GModel>920103D/SONY</GModel>
              <FirstQty>17</FirstQty>
              <FirstUnit>035</FirstUnit>
              <GQty>12</GQty>
              <GUnit>003</GUnit>
              <SecondQty></SecondQty>
              <SecondUnit></SecondUnit>
              <OriginCountry>502</OriginCountry>
              <TradeCurr>502</TradeCurr>
              <DeclPrice>314.61</DeclPrice>
              <UseTo></UseTo>
              <DutyMode>1</DutyMode>
              <ClassMark></ClassMark>
              <Factor/>
              <DeclTotal>3775.32</DeclTotal>
              <WorkUsd></WorkUsd>
              <ExgNo></ExgNo>
              <ExgVersion>1</ExgVersion>
              <DestinationCountry>142</DestinationCountry>
            </DecList>
          </DecLists>
          <DecContainers>
          	<Container>
          		<ContainerId>12345678901</ContainerId>
					    <ContainerMd>S</ContainerMd>
					    <ContainerWt>1.1</ContainerWt>
					   </Container>
					</DecContainers>
          <DecLicenseDocus>
					   <LicenseDocu>
					    <DocuCode>Y</DocuCode>
					    <CertCode>546545498797</CertCode>
					   </LicenseDocu>
					</DecLicenseDocus>
          <DecFreeTxt>
            <RelId></RelId>
            <RelManNo></RelManNo>
            <BonNo></BonNo>
            <CusFie></CusFie>
            <DecNo/>
            <DecBpNo></DecBpNo>
            <VoyNo></VoyNo>
          </DecFreeTxt>
          <DecSign>
            <OperType>G</OperType>
            <ICCode>0000000009759</ICCode>
            <CopCode>000000000</CopCode>
            <OperName>ceshi16</OperName>
            <Sign>uzVeBGeFP9jteR+JWeERRpkTrwjKL+Osk0oT7jFHCS9nZPa0fcGp2KMLefpUFu+qdoiKt6flm49QUyer4Wh6R5kUz1+s6X0JKmN7JVJZUkYm6Eb5b/undexcRlUo4dJPcIEq1Y6GDn/87x2X6Is9XU9T3pMn5HIYzh+S0kFCJWQ=</Sign>
		    <SignDate>2014030410050635</SignDate>            
            <ClientSeqNo>decnew201702241727</ClientSeqNo>
            <Certificate>4d057d</Certificate>
            <HostId></HostId>
          </DecSign>
  <TrnHead>
		<ContractorName>产品部测试组</ContractorName>
		<ContractorCode>1105910159</ContractorCode>
		<ESealFlag>Y</ESealFlag>
		<TrnType>0</TrnType>	
		<NativeTrafMode>1</NativeTrafMode>
		<NativeShipName>trafname</NativeShipName>
		<NativeVoyageNo>voyagenowxy</NativeVoyageNo>
		<TrnPreId></TrnPreId>
		<TransNo>test</TransNo>
		<TransFlag>1</TransFlag>
		<TrafCustomsNo>wxytrafno</TrafCustomsNo>
		<TurnNo></TurnNo>
		<ValidTime></ValidTime>
		<Notes></Notes >
	</TrnHead>
	<TrnList>
		<BillNo>ljbillno</BillNo>
		<IEDate>20100610</IEDate>
		<ShipId>wxyshipid</ShipId>
		<ShipNameEn>wxyshipname</ShipNameEn>
		<TrafMode>1</TrafMode>
		<VoyageNo>wxyvoyageno</VoyageNo>
	</TrnList>
	<TrnContainers>
		<TrnContainer>
			<ContaNo>contaLJ1</ContaNo>
			<ContaSn>1</ContaSn>
			<ContaModel>S</ContaModel>
			<SealNo>12345</SealNo>
			<TransName>wxytransname</TransName>
			<TransWeight>1</TransWeight>
		</TrnContainer>
	</TrnContainers>
	<TrnContaGoodsList>
		<TrnContaGoods>
			<ContaNo>contaLJ1</ContaNo>
			<ContaGoodsCount>1</ContaGoodsCount>
			<ContaGoodsWeight>1</ContaGoodsWeight>
			<GNo>1</GNo>
		</TrnContaGoods>
	</TrnContaGoodsList>	
<DecSupplementLists>
	<DecSupplementList>
			<GNo>1</GNo>
			<SupType>A</SupType>
			<BrandCN>s</BrandCN>
			<BrandEN>English name</BrandEN>
			<Buyer>s</Buyer>
			<BuyerContact>s</BuyerContact>
			<BuyerAddr>s</BuyerAddr>
			<BuyerTel>s</BuyerTel>
			<Seller>s</Seller>
			<SellerContact>s</SellerContact>
			<SellerAddr>s</SellerAddr>
			<SellerTel>s</SellerTel>
			<Factory>s</Factory>
			<FactoryContact>s</FactoryContact>
			<FactoryAddr>s</FactoryAddr>
			<FactoryTel>s</FactoryTel>
			<ContrNo>s</ContrNo>
			<ContrDate>20120202</ContrDate>
			<InvoiceNo>InvoiceNo</InvoiceNo>
			<InvoiceDate>20120203</InvoiceDate>
			<I_BabRel>01000000</I_BabRel>
			<I_PriceEffect>1</I_PriceEffect>
			<I_PriceClose>3</I_PriceClose>
			<I_OtherLimited>0</I_OtherLimited>
			<I_OtherEffect>1</I_OtherEffect>
			<I_Note1>s</I_Note1>
			<I_IsUsefee>1</I_IsUsefee>
			<I_IsProfit>1</I_IsProfit>
			<I_Note2>s</I_Note2>
			<Curr>142</Curr>
			<InvoicePrice>878.78</InvoicePrice>
			<InvoiceAmount>878.78</InvoiceAmount>
			<InvoiceNote>InvoiceNoteInvoiceNote</InvoiceNote>
			<GoodsPrice>878.78</GoodsPrice>
			<GoodsAmount>878.78</GoodsAmount>
			<GoodsNote>s</GoodsNote>
			<I_CommissionPrice>878.78</I_CommissionPrice>
			<I_CommissionAmount>878.78</I_CommissionAmount>
			<I_CommissionNote>s</I_CommissionNote>
			<I_ContainerPrice>878.78</I_ContainerPrice>
			<I_ContainerAmount>878.78</I_ContainerAmount>
			<I_ContainerNote>s</I_ContainerNote>
			<I_PackPrice>878.78</I_PackPrice>
			<I_PackAmount>878.78</I_PackAmount>
			<I_PackNote>s</I_PackNote>
			<I_PartPrice>878.78</I_PartPrice>
			<I_PartAmount>878.78</I_PartAmount>
			<I_PartNote>s</I_PartNote>
			<I_ToolPrice>878.78</I_ToolPrice>
			<I_ToolAmount>878.78</I_ToolAmount>
			<I_ToolNote>s</I_ToolNote>
			<I_LossPrice>878.78</I_LossPrice>
			<I_LossAmount>878.78</I_LossAmount>
			<I_LossNote>s</I_LossNote>
			<I_DesignPrice>878.78</I_DesignPrice>
			<I_DesignAmount>878.78</I_DesignAmount>
			<I_DesignNote>s</I_DesignNote>
			<I_UsefeePrice></I_UsefeePrice>
			<I_UsefeeAmount></I_UsefeeAmount>
			<I_UsefeeNote></I_UsefeeNote>
			<I_ProfitPrice>878.78</I_ProfitPrice>
			<I_ProfitAmount>878.78</I_ProfitAmount>
			<I_ProfitNote>s</I_ProfitNote>
			<I_FeePrice>878.78</I_FeePrice>
			<I_FeeAmount>878.78</I_FeeAmount>
			<I_FeeNote>s</I_FeeNote>
			<I_OtherPrice>878.78</I_OtherPrice>
			<I_OtherAmount>878.78</I_OtherAmount>
			<I_OtherNote>s</I_OtherNote>
			<I_InsurPrice>878.78</I_InsurPrice>
			<I_InsurAmount>878.78</I_InsurAmount>
			<I_InsurNote>s</I_InsurNote>
			<E_IsDutyDel></E_IsDutyDel>
			<GNameOther></GNameOther>
			<CodeTsOther></CodeTsOther>
			<IsClassDecision></IsClassDecision>
			<DecisionNO></DecisionNO>
			<CodeTsDecision></CodeTsDecision>
			<DecisionCus></DecisionCus>
			<IsSampleTest></IsSampleTest>
			<GOptions></GOptions>
			<TrafMode></TrafMode>
			<IsDirectTraf></IsDirectTraf>
			<TransitCountry></TransitCountry>
			<DestPort></DestPort>
			<DeclPort></DeclPort>
			<BillNo></BillNo>
			<OriginCountry></OriginCountry>
			<OriginMark></OriginMark>
			<CertCountry></CertCountry>
			<CertNO></CertNO>
			<CertStandard></CertStandard>
			<OtherNote>s</OtherNote>
			<IsSecret>1</IsSecret>
			<AgentType>2</AgentType>
			<DeclAddr>s</DeclAddr>
			<DeclPost>s</DeclPost>
			<DeclTel>s</DeclTel>
		</DecSupplementList>
</DecSupplementLists>	
<EdocRealation>
    <EdocID>22010000000100000000000000022001.pdf</EdocID>
    <EdocCode>00000001</EdocCode>
    <EdocFomatType>US</EdocFomatType>
    <OpNote>3.1随附单据上传TCS</OpNote>
    <EdocCopId>2121213</EdocCopId>
    <EdocOwnerCode>1105910159</EdocOwnerCode>
    <SignUnit>1105910311</SignUnit>
    <SignTime>20140909010101</SignTime>
    <EdocOwnerName>产品部测试组</EdocOwnerName>
    <EdocSize>String</EdocSize>
</EdocRealation>
<EcoRelation>
    <CertType>Y14</CertType>
    <EcoCertNo>121321465465411</EcoCertNo>
    <DecGNo>1</DecGNo>
    <EcoGNo>3</EcoGNo>
</EcoRelation>
</DecMessage>