<?xml version="1.0" encoding="UTF-8"?>
<!--Sample XML file generated by XMLSpy v2006 sp2 U (http://www.altova.com)-->
<DecSDMessage xmlns="http://www.chinaport.gov.cn/dec" xmlns:xsi="http://www.w3.org/2001/XMLSchema-instance" version="1.0">
	<DecSupplement>
		<DecSupplementList>
			<GNo>1</GNo>
			<SupType>C</SupType>
			<BrandCN>品牌中文</BrandCN>
			<BrandEN>品牌英文</BrandEN>
			<Buyer>买房名称</Buyer>
			<BuyerContact>买房联系人</BuyerContact>
			<BuyerAddr>买房地址</BuyerAddr>
			<BuyerTel>买房电话</BuyerTel>
			<Seller>卖方名称</Seller>
			<SellerContact>卖方联系人</SellerContact>
			<SellerAddr>卖方地址</SellerAddr>
			<SellerTel>卖方电话</SellerTel>
			<Factory>生产厂商</Factory>
			<FactoryContact>生成厂商联系人</FactoryContact>
			<FactoryAddr>生成厂商地址</FactoryAddr>
			<FactoryTel>生产厂商电话</FactoryTel>
			<ContrNo>合同协议号</ContrNo>
			<ContrDate>20120318</ContrDate>
			<InvoiceNo>12345678</InvoiceNo>
			<InvoiceDate>20120318</InvoiceDate>
			<I_BabRel></I_BabRel>
			<I_PriceEffect>S</I_PriceEffect>
			<I_PriceClose>String</I_PriceClose>
			<I_OtherLimited>S</I_OtherLimited>
			<I_OtherEffect>S</I_OtherEffect>
			<I_Note1>String</I_Note1>
			<I_IsUsefee>S</I_IsUsefee>
			<I_IsProfit>S</I_IsProfit>
			<I_Note2>String</I_Note2>
			<Curr>Str</Curr>
			<InvoicePrice>String</InvoicePrice>
			<InvoiceAmount>String</InvoiceAmount>
			<InvoiceNote>String</InvoiceNote>
			<GoodsPrice>String</GoodsPrice>
			<GoodsAmount>String</GoodsAmount>
			<GoodsNote>String</GoodsNote>
			<I_CommissionPrice>String</I_CommissionPrice>
			<I_CommissionAmount>String</I_CommissionAmount>
			<I_CommissionNote>String</I_CommissionNote>
			<I_ContainerPrice>String</I_ContainerPrice>
			<I_ContainerAmount>String</I_ContainerAmount>
			<I_ContainerNote>String</I_ContainerNote>
			<I_PackPrice>String</I_PackPrice>
			<I_PackAmount>String</I_PackAmount>
			<I_PackNote>String</I_PackNote>
			<I_PartPrice>String</I_PartPrice>
			<I_PartAmount>String</I_PartAmount>
			<I_PartNote>String</I_PartNote>
			<I_ToolPrice>String</I_ToolPrice>
			<I_ToolAmount>String</I_ToolAmount>
			<I_ToolNote>String</I_ToolNote>
			<I_LossPrice>String</I_LossPrice>
			<I_LossAmount>String</I_LossAmount>
			<I_LossNote>String</I_LossNote>
			<I_DesignPrice>String</I_DesignPrice>
			<I_DesignAmount>String</I_DesignAmount>
			<I_DesignNote>String</I_DesignNote>
			<I_UsefeePrice>String</I_UsefeePrice>
			<I_UsefeeAmount>String</I_UsefeeAmount>
			<I_UsefeeNote>String</I_UsefeeNote>
			<I_ProfitPrice>String</I_ProfitPrice>
			<I_ProfitAmount>String</I_ProfitAmount>
			<I_ProfitNote>String</I_ProfitNote>
			<I_FeePrice>String</I_FeePrice>
			<I_FeeAmount>String</I_FeeAmount>
			<I_FeeNote>String</I_FeeNote>
			<I_OtherPrice>String</I_OtherPrice>
			<I_OtherAmount>String</I_OtherAmount>
			<I_OtherNote>String</I_OtherNote>
			<I_InsurPrice>String</I_InsurPrice>
			<I_InsurAmount>String</I_InsurAmount>
			<I_InsurNote>String</I_InsurNote>
			<E_IsDutyDel>S</E_IsDutyDel>
			<GNameOther>String</GNameOther>
			<CodeTsOther>StringSSSS</CodeTsOther>
			<IsClassDecision>S</IsClassDecision>
			<DecisionNO>String</DecisionNO>
			<CodeTsDecision>StringSSSS</CodeTsDecision>
			<DecisionCus>Stri</DecisionCus>
			<IsSampleTest>S</IsSampleTest>
			<GOptions>String</GOptions>
			<TrafMode>S</TrafMode>
			<IsDirectTraf>S</IsDirectTraf>
			<TransitCountry>String</TransitCountry>
			<DestPort>0101</DestPort>
			<DeclPort>0101</DeclPort>
			<BillNo>1111</BillNo>
			<OriginCountry>101</OriginCountry>
			<OriginMark>1</OriginMark>
			<CertCountry>101</CertCountry>
			<CertNO>111</CertNO>
			<CertStandard>S</CertStandard>
			<OtherNote>String</OtherNote>
			<IsSecret>0</IsSecret>
			<AgentType>1</AgentType>
			<DeclAddr>String</DeclAddr>
			<DeclPost>String</DeclPost>
			<DeclTel>String</DeclTel>
		</DecSupplementList>
	</DecSupplement>
	<DecSupplementSign>
		<OperType>C</OperType>
		<IcCardId>0000000009759</IcCardId>
		<ClientSeqNo>000000032003491590</ClientSeqNo>
		<SignDate>2016112910050635</SignDate>
		<SignData>TRJAidneO2/Tlz2THNUnr+NQNK3pigG40MY2d9nySmHia1Jf2vy/nN53eGKHE6pVv0OuDVJyZdQlH2/anZwgGUSJfQUBbKAGPR6shBDbHdgSMwpXDH91QudqxCyZVQOWCl6AwIZL+GjeE3Gihpo1kIj7IhA3Dt9YVywkaO56YCE=</SignData>
	</DecSupplementSign>
</DecSDMessage>
