<?xml version="1.0" encoding="UTF-8"?>
<!-- 被2013 sp1 () 使用XMLSpy v编辑的 (http://www.altova.com) by -->
<DecMessage xmlns="http://www.chinaport.gov.cn/dec_3_1">
	<DecHead>
		<SeqNo>关检关联号</SeqNo>
		<IEFlag>进出口标志</IEFlag>
		<Type>单据类型</Type>
		<AgentCode>申报单位代码</AgentCode>
		<AgentName>申报单位名称</AgentName>
		<ApprNo>外汇核销单号</ApprNo>
		<BillNo>提单号</BillNo>
		<ContrNo>合同号</ContrNo>
		<CustomMaster>主管海关</CustomMaster>
		<CutMode>征免性质</CutMode>
		<DistinatePort>经停港/指运港</DistinatePort>
		<FeeCurr>运费币制</FeeCurr>
		<FeeMark>运费标记</FeeMark>
		<FeeRate>运费／率</FeeRate>
		<GrossWet>毛重</GrossWet>
		<IEDate>进出口日期</IEDate>
		<IEPort>进出境关别</IEPort>
		<InsurCurr>保险费币制</InsurCurr>
		<InsurMark>保险费标记</InsurMark>
		<InsurRate>保险费／率</InsurRate>
		<LicenseNo>许可证编号</LicenseNo>
		<ManualNo>备案号</ManualNo>
		<NetWt>净重</NetWt>
		<NoteS>备注</NoteS>
		<OtherCurr>杂费币制</OtherCurr>
		<OtherMark>杂费标志</OtherMark>
		<OtherRate>杂费／率</OtherRate>
		<OwnerCode>消费使用单位或生产销售单位代码</OwnerCode>
		<OwnerName>消费使用单位或生产销售单位名称</OwnerName>
		<PackNo>件数</PackNo>
		<TradeCode>境内收发货人编号</TradeCode>
		<TradeCountry>启运国（地区）或运抵国（地区）</TradeCountry>
		<TradeMode>监管方式</TradeMode>
		<TradeName>境内收发货人名称</TradeName>
		<TrafMode>运输方式代码</TrafMode>
		<TrafName>运输工具代码及名称</TrafName>
		<TransMode>成交方式</TransMode>
		<WrapType>包装种类</WrapType>
		<EntryId>海关编号</EntryId>
		<PreEntryId>预录入编号</PreEntryId>
		<EdiId>报关标志</EdiId>
		<Risk>风险评估参数（上海专用）</Risk>
		<CopName>录入单位名称</CopName>
		<CopCode>录入单位代码（预录入企业组织机构编码）</CopCode>
		<EntryType>报关单类型</EntryType>
		<PDate>预录入日期</PDate>
		<TypistNo>录入员IC卡号</TypistNo>
		<InputerName>录入员姓名</InputerName>
		<PartenerID>申报人标识（上海专用）</PartenerID>
		<TgdNo>宁波通关申请单号</TgdNo>
		<DataSource>数据来源</DataSource>
		<DeclTrnRel>报关/转关关系标志</DeclTrnRel>
		<ChkSurety>担保验放标志</ChkSurety>
		<BillType>备案清单类型</BillType>
		<CopCodeScc>录入单位统一编码</CopCodeScc>
		<OwnerCodeScc>消费使用单位或生产销售单位统一编码</OwnerCodeScc>
		<AgentCodeScc>申报代码统一编码</AgentCodeScc>
		<TradeCoScc>收发货人统一编码</TradeCoScc>
		<PromiseItmes>承诺事项</PromiseItmes>
		<TradeAreaCode>贸易国（地区）</TradeAreaCode>
		<CheckFlow>查验分流</CheckFlow>
		<TaxAaminMark>税收征管标记</TaxAaminMark>
		<MarkNo>标记唛码</MarkNo>
		<DespPortCode>启运港</DespPortCode>
		<EntyPortCode>入境口岸/离境口岸</EntyPortCode>
		<GoodsPlace>货物存放地点</GoodsPlace>
		<BLNo>提货单号（本批货物的提货单或出库单号码）</BLNo>
		<InspOrgCode>口岸检验检疫机关</InspOrgCode>
		<SpecDeclFlag>特种业务标识</SpecDeclFlag>
		<PurpOrgCode>目的地检验检疫机关</PurpOrgCode>
		<DespDate>启运日期</DespDate>
		<CmplDschrgDt>卸毕日期</CmplDschrgDt>
		<CorrelationReasonFlag>关联理由</CorrelationReasonFlag>
		<VsaOrgCode>领证机关</VsaOrgCode>
		<OrigBoxFlag>原集装箱标识</OrigBoxFlag>
		<DeclareName>报关员姓名</DeclareName>
		<NoOtherPack>无其他包装</NoOtherPack>
		<OrgCode>检验检疫受理机关</OrgCode>
		<OverseasConsignorCode>境外发货人代码</OverseasConsignorCode>
		<OverseasConsignorCname>境外发货人名称</OverseasConsignorCname>
		<OverseasConsignorEname>境外发货人名称（外文）</OverseasConsignorEname>
		<OverseasConsignorAddr>境外发货人地址</OverseasConsignorAddr>
		<OverseasConsigneeCode>境外收货人编码</OverseasConsigneeCode>
		<OverseasConsigneeEname>境外收货人名称(外文)</OverseasConsigneeEname>
		<DomesticConsigneeEname>境内收货人名称（外文）</DomesticConsigneeEname>
		<CorrelationNo>关联号码</CorrelationNo>
		<EdiRemark>EDI申报备注</EdiRemark>
		<EdiRemark2>EDI申报备注2</EdiRemark2>
	</DecHead>
	<DecLists>
		<DecList>
			<ClassMark>归类标志</ClassMark>
			<CodeTS>商品编号</CodeTS>
			<ContrItem>备案序号</ContrItem>
			<DeclPrice>申报单价</DeclPrice>
			<DutyMode>征减免税方式</DutyMode>
			<Factor>申报计量单位与法定单位比例因子</Factor>
			<GModel>商品规格、型号</GModel>
			<GName>商品名称</GName>
			<GNo>商品序号</GNo>
			<OriginCountry>原产国（地区）（出口为最终目的国（地区））</OriginCountry>
			<TradeCurr>成交币制</TradeCurr>
			<DeclTotal>申报总价</DeclTotal>
			<GQty>申报数量（成交计量单位）</GQty>
			<FirstQty>第一法定数量</FirstQty>
			<SecondQty>第二法定数量</SecondQty>
			<GUnit>申报计量单位（成交计量单位）</GUnit>
			<FirstUnit>第一计量单位（法定单位）</FirstUnit>
			<SecondUnit>第二计量单位</SecondUnit>
			<UseTo>用途/生产厂家</UseTo>
			<WorkUsd>工缴费</WorkUsd>
			<ExgNo>货号</ExgNo>
			<ExgVersion>版本号</ExgVersion>
			<DestinationCountry>最终目的国（地区）（出口为原产国（地区））</DestinationCountry>
			<CiqCode>检验检疫编码</CiqCode>
			<DeclGoodsEname>商品英文名称</DeclGoodsEname>
			<OrigPlaceCode>原产地区代码</OrigPlaceCode>
			<Purpose>用途代码</Purpose>
			<ProdValidDt>产品有效期</ProdValidDt>
			<ProdQgp>产品保质期</ProdQgp>
			<GoodsAttr>货物属性代码</GoodsAttr>
			<Stuff>成份/原料/组份</Stuff>
			<Uncode>UN编码</Uncode>
			<DangName>危险货物名称</DangName>
			<DangPackType>危包类别</DangPackType>
			<DangPackSpec>危包规格</DangPackSpec>
			<EngManEntCnm>境外生产企业名称</EngManEntCnm>
			<NoDangFlag>非危险化学品</NoDangFlag>
			<DestCode>目的地代码</DestCode>
			<GoodsSpec>检验检疫货物规格</GoodsSpec>
			<GoodsModel>货物型号</GoodsModel>
			<GoodsBrand>货物品牌</GoodsBrand>
			<ProduceDate>生产日期</ProduceDate>
			<ProdBatchNo>生产批号</ProdBatchNo>
			<DistrictCode>境内目的地/境内货源地</DistrictCode>
			<CiqName>检验检疫名称（检验检疫编码对应的商品描述）</CiqName>
			<DecGoodsLimits>
				<DecGoodsLimit>
					<GoodsNo>商品序号</GoodsNo>
					<LicTypeCode>许可证类别代码</LicTypeCode>
					<LicenceNo>许可证编号</LicenceNo>
					<LicWrtofDetailNo>许可证核销明细序号</LicWrtofDetailNo>
					<LicWrtofQty>许可证核销数量</LicWrtofQty>
					<DecGoodsLimitVin>
						<LicenceNo>许可证编号</LicenceNo>
						<LicTypeCode>许可证类别代码</LicTypeCode>
						<VinNo>VIN序号</VinNo>
						<BillLadDate>提/运单日期</BillLadDate>
						<QualityQgp>质量保质期</QualityQgp>
						<MotorNo>发动机号或电机号</MotorNo>
						<VinCode>车辆识别代码（VIN）</VinCode>
						<ChassisNo>底盘(车架)号</ChassisNo>
						<InvoiceNum>发票所列数量</InvoiceNum>
						<ProdCnnm>品名（中文名称）</ProdCnnm>
						<ProdEnnm>品名（英文名称）</ProdEnnm>
						<ModelEn>型号（英文）</ModelEn>
						<PricePerUnit>单价</PricePerUnit>
					</DecGoodsLimitVin>
				</DecGoodsLimit>
			</DecGoodsLimits>
			<MnufctrRegNo>生产单位注册号</MnufctrRegNo>
			<MnufctrRegName>生产单位名称</MnufctrRegName>
		</DecList>
	</DecLists>
	<DecContainers>
		<Container>
			<ContainerId>集装箱号</ContainerId>
			<ContainerMd>集装箱规格</ContainerMd>
			<GoodsNo>商品项号</GoodsNo>
			<LclFlag>拼箱标识</LclFlag>
			<GoodsContaWt>箱货重量</GoodsContaWt>
		</Container>
	</DecContainers>
	<DecLicenseDocus>
		<LicenseDocu>
			<DocuCode>单证代码</DocuCode>
			<CertCode>单证编号</CertCode>
		</LicenseDocu>
	</DecLicenseDocus>
	<DecRequestCerts>
		<DecRequestCert>
			<AppCertCode>申请单证代码</AppCertCode>
			<ApplOri>申请单证正本数</ApplOri>
			<ApplCopyQuan>申请单证副本数</ApplCopyQuan>
		</DecRequestCert>
	</DecRequestCerts>
	<DecOtherPacks>
		<DecOtherPack>
			<PackQty>包装件数</PackQty>
			<PackType>包装材料种类</PackType>
		</DecOtherPack>
	</DecOtherPacks>
	<DecCopLimits>
		<DecCopLimit>
			<EntQualifNo>企业资质编号</EntQualifNo>
			<EntQualifTypeCode>企业资质类别代码</EntQualifTypeCode>
		</DecCopLimit>
	</DecCopLimits>
	<DecUsers>
		<DecUser>
			<UseOrgPersonCode>使用单位联系人</UseOrgPersonCode>
			<UseOrgPersonTel>使用单位联系电话</UseOrgPersonTel>
		</DecUser>
	</DecUsers>
	<DecMarkLobs>
		<DecMarkLob>
			<AttachName>附件名称</AttachName>
			<AttachType>附件类型</AttachType>
			<Attachment>附件</Attachment>
		</DecMarkLob>
	</DecMarkLobs>
	<DecFreeTxt>
		<RelId>关联报关单号</RelId>
		<RelManNo>关联备案号</RelManNo>
		<BonNo>监管仓号</BonNo>
		<VoyNo>航次号</VoyNo>
		<DecBpNo>报关员联系方式</DecBpNo>
		<CusFie>货场代码</CusFie>
		<DecNo>报关员号</DecNo>
	</DecFreeTxt>
	<DecSign>
		<OperType>操作类型</OperType>
		<ICCode>操作员IC卡号</ICCode>
		<CopCode>操作企业组织机构代码</CopCode>
		<OperName>操作员姓名</OperName>
		<ClientSeqNo>企业内部编号</ClientSeqNo>
		<Sign>数字签名信息</Sign>
		<SignDate>签名日期</SignDate>
		<Certificate>操作员卡的证书号</Certificate>
		<HostId>客户端邮箱的HostId</HostId>
		<BillSeqNo>对应清单统一编号</BillSeqNo>
		<DomainId>签名人分类</DomainId>
		<Note>备注</Note>
	</DecSign>
	<EdocRealation>
		<EdocID>文件名、随附单据编号（命名规则是：申报口岸+随附单据类别代码+IM+18位流水号）</EdocID>
		<EdocCode>随附单证类别</EdocCode>
		<EdocFomatType>随附单据格式类型</EdocFomatType>
		<OpNote>操作说明（重传原因）</OpNote>
		<EdocCopId>随附单据文件企业名</EdocCopId>
		<EdocOwnerCode>所属单位海关编号</EdocOwnerCode>
		<SignUnit>签名单位代码</SignUnit>
		<SignTime>签名时间</SignTime>
		<EdocOwnerName>所属单位名称</EdocOwnerName>
		<EdocSize>随附单据文件大小</EdocSize>
	</EdocRealation>
	<EcoRelation>
		<CertType>单据类型</CertType>
		<EcoCertNo>单据证书号</EcoCertNo>
		<DecGNo>报关单商品项号</DecGNo>
		<EcoGNo>原产地证书单证项号</EcoGNo>
		<ExtendFiled>扩展字段</ExtendFiled>
	</EcoRelation>
	<SddTax>
		<SddTaxHead>
			<FileName>文件名称</FileName>
			<SeqNo>与录入号</SeqNo>
			<SddNo>报税单编号</SddNo>
			<IEFlag>进出口标志</IEFlag>
			<DeclPort>申报口岸</DeclPort>
			<DDate>预计申报日期</DDate>
			<TradeCo>经营单位编号</TradeCo>
			<TradeName>经营单位名称</TradeName>
			<InRatio>内销比率</InRatio>
			<TradeMode>监管方式</TradeMode>
			<CutMode>征免性质分类</CutMode>
			<TransMode>成交方式</TransMode>
			<FeeMark>运费标记</FeeMark>
			<FeeCurr>运费币制</FeeCurr>
			<FeeRate>运费／率</FeeRate>
			<InsurMark>保险费标记</InsurMark>
			<InsurCurr>保险费币制</InsurCurr>
			<InsurRate>保险费／率</InsurRate>
			<OtherMark>杂费标记</OtherMark>
			<OtherCurr>杂费币制</OtherCurr>
			<OtherRate>杂费／率</OtherRate>
			<ManualNo>备案号</ManualNo>
			<TradeCoScc>收发货人统一编码</TradeCoScc>
			<GrossWt>毛重</GrossWt>
			<NoteS>备注</NoteS>
			<LegalLiability>法律责任</LegalLiability>
			<Sign>数字签名信息</Sign>
			<MessId>签名消息号</MessId>
			<CertSeqNo>签名证书号</CertSeqNo>
			<Status>状态</Status>
			<F_DATE>料件首次进口日期</F_DATE>
			<TAX_NO>海关计税服务编号</TAX_NO>
		</SddTaxHead>
		<SddTaxLists>
			<SddTaxList>
				<GNo>商品序号</GNo>
				<CodeTs>商品编号</CodeTs>
				<GName>商品名称</GName>
				<OriginCountry>原产国（地区）</OriginCountry>
				<AgreementId>协定编号</AgreementId>
				<Qty1>第一数量</Qty1>
				<Unit1>第一计量单位</Unit1>
				<Qty2>第二数量</Qty2>
				<Unit2>第二计量单位</Unit2>
				<TradeCurr>成交币制</TradeCurr>
				<DeclPrice>申报单价</DeclPrice>
				<DeclTotal>申报总价</DeclTotal>
				<DutyMode>征减免税方式</DutyMode>
				<Antidumping>反倾销涉案</Antidumping>
				<Antisubsidy>反补贴涉案</Antisubsidy>
				<DutyValue>特案完税价格</DutyValue>
				<DutyRate>关税从价税率</DutyRate>
				<QtyDutyRate>关税从量税率</QtyDutyRate>
				<RegRate>消费税从价税率</RegRate>
				<QtyRegRate>消费税从量税率</QtyRegRate>
				<TaxRate>增值税率</TaxRate>
				<AntidumpingRate>反倾销税率</AntidumpingRate>
				<AntisubsidyRate>反补贴税率</AntisubsidyRate>
				<TrashfundRate>废弃基金税率</TrashfundRate>
			</SddTaxList>
		</SddTaxLists>
		<SddTaxDetails>
			<SddTaxDetail>
				<GNo>商品序号</GNo>
				<TaxType>税种</TaxType>
				<RealTax>金额</RealTax>
			</SddTaxDetail>
		</SddTaxDetails>
	</SddTax>
	<DecRisk>
		<Risk>风险评估结果</Risk>
		<Sign>数字签名信息</Sign>
		<SignDate>处理日期</SignDate>
		<Note>备注</Note>
	</DecRisk>
</DecMessage>
