<?xml version="1.0" encoding="UTF-8"?>
<!--用XMLSpy v2013 sp1产生的 XML文件(http://www.altova.com)-->
<Manifest xmlns:xsi="http://www.w3.org/2001/XMLSchema-instance" xmlns:xsd="http://www.w3.org/2001/XMLSchema" xmlns="urn:Declaration:datamodel:standard:CN:MT1401:1">
	<Head>
		<MessageID>报文编码</MessageID>
		<FunctionCode>报文功能代码</FunctionCode>
		<MessageType>报文类型代码</MessageType>
		<SenderID>报文发送方代码</SenderID>
		<ReceiverID>报文接收方代码</ReceiverID>
		<SendTime>报文发送时间</SendTime>
		<Version>报文版本号</Version>
	</Head>
	<Declaration>
		<DeclarationOfficeID>进出境口岸海关代码</DeclarationOfficeID>
		<ID>货物运行批次号</ID>
		<AdditionalInformation>
			<Content>备注</Content>
		</AdditionalInformation>
		<Agent>
			<ID>运输工具代理企业代码</ID>
		</Agent>
		<BorderTransportMeans>
			<TypeCode>运输方式代码</TypeCode>
		</BorderTransportMeans>
		<Carrier>
			<ID>承运人代码</ID>
		</Carrier>
		<Consignment>
			<GrossVolumeMeasure unitCode="MTQ">货物体积(M3)</GrossVolumeMeasure>
			<TotalPackageQuantity unitCode="包装种类代码">货物总件数</TotalPackageQuantity>
			<ValueAmount currencyID="金额类型代码">货物价值</ValueAmount>
			<BorderTransportMeans>
				<Itinerary>
					<RoutingCountryCode>途经国家/地区代码</RoutingCountryCode>
				</Itinerary>
			</BorderTransportMeans>
			<Consignee>
				<ID>收货人代码</ID>
				<Name>收货人名称</Name>
				<Communication>
					<ID>收货人联系号码</ID>
					<TypeID>收货人通讯方式类别代码</TypeID>
				</Communication>
				<Contact>
					<Name>收货具体联系人名称</Name>
					<Communication>
						<ID>收货具体联系人联系号码</ID>
						<TypeID>收货具体联系人通讯方式类别代码</TypeID>
					</Communication>
				</Contact>
			</Consignee>
			<ConsignmentItem>
				<SequenceNumeric>商品项序号</SequenceNumeric>
				<Commodity>
					<CargoDescription>商品项简要描述</CargoDescription>
					<Description>商品项描述补充信息</Description>
					<Classification>
						<ID>危险品编号</ID>
					</Classification>
				</Commodity>
				<GoodsMeasure>
					<GrossMassMeasure unitCode="KGM">商品项毛重(KG)</GrossMassMeasure>
				</GoodsMeasure>
				<Packaging>
					<QuantityQuantity unitCode="包装种类">商品项件数</QuantityQuantity>
				</Packaging>
			</ConsignmentItem>
			<Consignor>
				<ID>发货人代码</ID>
				<Name>发货人名称</Name>
				<Communication>
					<ID>发货人联系号码</ID>
					<TypeID>发货人通讯方式类别代码</TypeID>
				</Communication>
			</Consignor>
			<Freight>
				<PaymentMethodCode>运费支付方法代码</PaymentMethodCode>
			</Freight>
			<GovernmentAgencyGoodsItem>
				<GoodsMeasure>
					<GrossMassMeasure unitCode="KGM">货物总毛重(KG)</GrossMassMeasure>
				</GoodsMeasure>
			</GovernmentAgencyGoodsItem>
			<GovernmentProcedure>
				<CurrentCode>海关货物通关代码</CurrentCode>
			</GovernmentProcedure>
			<NotifyParty>
				<ID>通知人代码</ID>
				<Name>通知人名称</Name>
				<Address>
					<Line>通知人地址(街道,邮箱)</Line>
				</Address>
				<Communication>
					<ID>通知人联系号码</ID>
					<TypeID>通知人通讯方式类别代码</TypeID>
				</Communication>
			</NotifyParty>
			<TransitDestination>
				<ID>跨境指运地</ID>
			</TransitDestination>
			<TransportContractDocument>
				<ConditionCode>运输条款代码</ConditionCode>
				<ID>提（运）单号</ID>
				<Deconsolidator>
					<ID>拆箱人代码</ID>
				</Deconsolidator>
			</TransportContractDocument>
			<TransportEquipment>
				<ID>集装箱（器）编号</ID>
			</TransportEquipment>
			<UNDGContact>
				<Name>危险品联系人名称</Name>
				<Communication>
					<ID>危险品联系号码</ID>
					<TypeID>危险品通讯方式类别代码</TypeID>
				</Communication>
			</UNDGContact>
		</Consignment>
		<LoadingLocation>
			<LoadingDateTime>货物装载时间</LoadingDateTime>
		</LoadingLocation>
		<RepresentativePerson>
			<Name>舱单传输人名称</Name>
		</RepresentativePerson>
		<UnloadingLocation>
			<ArrivalDateTime>到达卸货地日期</ArrivalDateTime>
			<ID>卸货地代码</ID>
		</UnloadingLocation>
	</Declaration>
</Manifest>
