<?xml version="1.0" encoding="UTF-8"?>
<!--用XMLSpy v2013 sp1产生的 XML文件(http://www.altova.com)-->
<Manifest xmlns:xsi="http://www.w3.org/2001/XMLSchema-instance" xmlns:xsd="http://www.w3.org/2001/XMLSchema" xmlns="urn:Declaration:datamodel:standard:CN:MT4406:1">
	<Head>
		<MessageID>报文编码</MessageID>
		<FunctionCode>报文功能代码</FunctionCode>
		<MessageType>报文类型代码</MessageType>
		<SenderID>报文发送方代码</SenderID>
		<ReceiverID>报文接收方代码</ReceiverID>
		<SendTime>报文发送时间</SendTime>
		<Version>报文版本号</Version>
	</Head>
	<Declaration>
		<DeclarationOfficeID>进出境口岸海关代码</DeclarationOfficeID>
		<ID>货物运输批次号</ID>
		<AdditionalInformation>
			<Content>备注</Content>
		</AdditionalInformation>
		<Carrier>
			<ID>承运人代码</ID>
		</Carrier>
		<Consignment>
			<BorderTransportMeans>
				<ArrivalDateTime>抵境内第一目的港时间</ArrivalDateTime>
				<ID>运输工具代码</ID>
				<Name>运输工具名称</Name>
				<TypeCode>运输方式代码</TypeCode>
				<Master>
					<ID>驾驶员代码</ID>
					<Name>驾驶员名称</Name>
				</Master>
				<TransportEquipment>
					<ID>托架/托挂车编号</ID>
					<TareWeight unitCode="KGM">托架/托挂车自重(KG)</TareWeight>
					<TypeCode>托架/托挂车类型</TypeCode>
				</TransportEquipment>
			</BorderTransportMeans>
			<GovernmentProcedure>
				<CurrentCode>海关货物通关代码</CurrentCode>
			</GovernmentProcedure>
			<TransportEquipment>
				<CharacteristicCode>集装箱(器)尺寸类型</CharacteristicCode>
				<ID>集装箱(器)编</ID>
				<SupplierPartyTypeCode>集装箱(器)来源代码</SupplierPartyTypeCode>
				<TareWeight unitCode="KGM">集装箱(器)自重(KG)</TareWeight>
			</TransportEquipment>
		</Consignment>
		<LoadingLocation>
			<ID>装货地代码</ID>
		</LoadingLocation>
		<RepresentativePerson>
			<Name>确报传输人名称</Name>
		</RepresentativePerson>
	</Declaration>
</Manifest>
