<?xml version="1.0" encoding="UTF-8"?>
<!--用XMLSpy v2013 sp1产生的 XML文件(http://www.altova.com)-->
<Manifest xmlns:xsi="http://www.w3.org/2001/XMLSchema-instance" xmlns:xsd="http://www.w3.org/2001/XMLSchema" xmlns="urn:Declaration:datamodel:standard:CN:MT5402:1">
	<Head>
		<MessageID>报文编码</MessageID>
		<FunctionCode>报文功能代码</FunctionCode>
		<MessageType>报文类型代码</MessageType>
		<SenderID>报文发送方代码</SenderID>
		<ReceiverID>报文接收方代码</ReceiverID>
		<SendTime>报文发送时间</SendTime>
		<Version>报文版本号</Version>
	</Head>
	<Declaration>
		<DeclarationOfficeID>进出境口岸海关代码</DeclarationOfficeID>
		<ID>货物运行批次号</ID>
		<AdditionalInformation>
			<Content>备注</Content>
		</AdditionalInformation>
		<BorderTransportMeans>
			<TypeCode>运输方式代码</TypeCode>
			<TransportEquipment>
				<ID>集装箱（器）编号</ID>
				<AdditionalInformation>
					<Content>集装箱（器）残损说明/备注</Content>
				</AdditionalInformation>
			</TransportEquipment>
		</BorderTransportMeans>
		<Consignment>
			<GrossVolumeMeasure unitCode="MTQ">货物体积(M3)</GrossVolumeMeasure>
			<TotalPackageQuantity unitCode="包装种类代码">货物总件数</TotalPackageQuantity>
			<GovernmentAgencyGoodsItem>
				<GoodsMeasure>
					<GrossMassMeasure unitCode="KGM">货物总毛重(KG)</GrossMassMeasure>
				</GoodsMeasure>
			</GovernmentAgencyGoodsItem>
			<TransportContractDocument>
				<ID>提（运）单号</ID>
			</TransportContractDocument>
		</Consignment>
		<Control>
			<InspectionEndDateTime>理货结束时间</InspectionEndDateTime>
			<InspectionStartDateTime>理货开始时间</InspectionStartDateTime>
		</Control>
		<LoadingLocation>
			<ID>装货地代码</ID>
		</LoadingLocation>
		<Submitter>
			<ID>理货公司代码</ID>
			<Contact>
				<Name>理货责任人名称</Name>
				<Communication>
					<ID>理货责任人通讯号码</ID>
					<TypeID>理货责任人通讯方式类别代码</TypeID>
				</Communication>
			</Contact>
		</Submitter>
	</Declaration>
</Manifest>
