<?xml version="1.0" encoding="UTF-8"?>
<!--用XMLSpy v2013 sp1产生的 XML文件(http://www.altova.com)-->
<Manifest xmlns:xsi="http://www.w3.org/2001/XMLSchema-instance" xmlns:xsd="http://www.w3.org/2001/XMLSchema" xmlns="urn:Declaration:datamodel:standard:CN:MT7402:1">

	<Head>
		<MessageID>报文编码</MessageID>
		<FunctionCode>报文功能代码</FunctionCode>
		<MessageType>报文类型代码</MessageType>
		<SenderID>报文发送方代码</SenderID>
		<ReceiverID>报文接收方代码</ReceiverID>
		<SendTime>报文发送时间</SendTime>
		<Version>报文版本号</Version>
	</Head>
	<Declaration>
		<DeclarationOfficeID>进出境口岸海关代码</DeclarationOfficeID>
		<ID>装箱清单编号</ID>
		<AdditionalInformation>
			<Content>备注</Content>
		</AdditionalInformation>
		<BorderTransportMeans>
			<TypeCode>运输方式代码</TypeCode>
			<TransportEquipment>
				<CharacteristicCode>集装箱（器）尺寸类型</CharacteristicCode>
				<FullnessCode>重箱空箱标识</FullnessCode>
				<ID>集装箱（器）编号</ID>
				<SealID>集装箱（器）封志号码、类型及施加封志人类型</SealID>
				<SupplierPartyTypeCode>集装箱（器）来源代码</SupplierPartyTypeCode>
			</TransportEquipment>
		</BorderTransportMeans>
		<Consignment>
			<Consignee>
				<ID>收货人代码</ID>
				<Name>收货人名称</Name>
				<Communication>
					<ID>收货人联系号码</ID>
					<TypeID>收货人通讯方式类别代码</TypeID>
				</Communication>
				<Contact>
					<Name>收货具体联系人名称</Name>
					<Communication>
						<ID>收货具体联系人联系号码</ID>
						<TypeID>收货具体联系人通讯方式类别代码</TypeID>
					</Communication>
				</Contact>
			</Consignee>
			<ConsignmentItem>
				<SequenceNumeric>商品项序号</SequenceNumeric>
				<Commodity>
					<CargoDescription>商品项简要描述</CargoDescription>
					<Description>商品项描述补充信息</Description>
					<Classification>
						<ID>危险品编号</ID>
					</Classification>
				</Commodity>
				<GoodsMeasure>
					<GrossMassMeasure unitCode="KGM">商品项毛重(KG)</GrossMassMeasure>
				</GoodsMeasure>
				<Packaging>
					<QuantityQuantity unitCode="包装种类">商品项件数</QuantityQuantity>
				</Packaging>
			</ConsignmentItem>
			<NotifyParty>
				<ID>通知人代码</ID>
				<Name>通知人名称</Name>
				<Address>
					<Line>通知人地址(街道,邮箱)</Line>
				</Address>
				<Communication>
					<ID>通知人联系号码</ID>
					<TypeID>通知人通讯方式类别代码</TypeID>
				</Communication>
			</NotifyParty>
			<UNDGContact>
				<Name>危险品联系人名称</Name>
				<Communication>
					<ID>危险品联系号码</ID>
					<TypeID>危险品通讯方式类别代码</TypeID>
				</Communication>
			</UNDGContact>
		</Consignment>
		<GoodsShipment>
			<StuffingEstablishment>
				<StuffingDateTime>货物装箱时间</StuffingDateTime>
			</StuffingEstablishment>
		</GoodsShipment>
		<LoadingLocation>
			<ID>装货地代码</ID>
		</LoadingLocation>
		<RepresentativePerson>
			<Name>装箱清单传输人名称</Name>
		</RepresentativePerson>
	</Declaration>
</Manifest>
