<?xml version="1.0" encoding="UTF-8"?>
<!--用XMLSpy v2013 sp1产生的 XML文件(http://www.altova.com)-->
<Manifest xmlns:xsi="http://www.w3.org/2001/XMLSchema-instance" xmlns:xsd="http://www.w3.org/2001/XMLSchema" xmlns="urn:Declaration:datamodel:standard:CN:MT8401:1">
	<Head>
		<MessageID>报文编码</MessageID>
		<FunctionCode>报文功能代码</FunctionCode>
		<MessageType>报文类型代码</MessageType>
		<SenderID>报文发送方代码</SenderID>
		<ReceiverID>报文接收方代码</ReceiverID>
		<SendTime>报文发送时间</SendTime>
		<Version>报文版本号</Version>
	</Head>
	<Declaration>
		<DeclarationOfficeID>进出境口岸海关代码</DeclarationOfficeID>
		<ID>货物运输批次号</ID>
		<AdditionalInformation>
			<Content>备注</Content>
		</AdditionalInformation>
		<BorderTransportMeans>
			<TypeCode>运输方式代码</TypeCode>
		</BorderTransportMeans>
		<Consignment>
			<TransportContractDocument>
				<ID>提(运)单号</ID>
			</TransportContractDocument>
		</Consignment>
	</Declaration>
</Manifest>
