<?xml version="1.0" encoding="UTF-8"?>
<Manifest>
	<Head>
		<MessageID>EPORT_MT1401_2019021210203040009</MessageID>
		<FunctionCode>9</FunctionCode>
		<MessageType>MT1401</MessageType>
		<SenderID>0000</SenderID>
		<ReceiverID>5345766374655_DXPESW0000001256</ReceiverID>
		<SendTime>20190214122401001</SendTime>
		<Version>1.0</Version>
	</Head>
	<Response>
		<BorderTransportMeans>
			<JourneyID>5345201902001</JourneyID>
		</BorderTransportMeans>
		<ResponseType>
			<Code>E3</Code>
			<Text>发往海关成功</Text>
		</ResponseType>
	</Response>
</Manifest>
