<?xml version="1.0" encoding="utf-8"?>
<Manifest xmlns:xsi="http://www.w3.org/2001/XMLSchema-instance">
  <Head>
    <MessageID>EPORT_MT1401_2019021210203040009</MessageID>
    <FunctionCode>9</FunctionCode>
    <MessageType>MT1401</MessageType>
    <SenderID>EPORT</SenderID>
    <ReceiverID>5345766374655_DXPESW0000001256</ReceiverID>
    <SendTime>20190214122401001</SendTime>
    <Version>1.0</Version>
  </Head>
  <Response>
    <ID>5345201902001</ID>
    <Consignment>
      <AdditionalInformation>
        <StatementCode>03</StatementCode>
        <StatementDescription>19001 不接受申报,该原始舱单申报中的提运单号已经存在</StatementDescription>
      </AdditionalInformation>
      <TransportContractDocument>
        <ID>FD190212009</ID>
      </TransportContractDocument>
    </Consignment>
    <Consignment>
      <AdditionalInformation>
        <StatementCode>03</StatementCode>
        <StatementDescription>19001 不接受申报,该原始舱单申报中的提运单号已经存在</StatementDescription>
      </AdditionalInformation>
      <TransportContractDocument>
        <ID>FD190212010</ID>
      </TransportContractDocument>
    </Consignment>
  </Response>
</Manifest>