<?xml version="1.0" encoding="utf-8"?>
<Manifest xmlns:xsi="http://www.w3.org/2001/XMLSchema-instance">
	<Head>
		<MessageID>EPORT_MT1401_2019021210203040009</MessageID>
		<FunctionCode>9</FunctionCode>
		<MessageType>MT1401</MessageType>
		<SenderID>EPORT</SenderID>
		<ReceiverID>5345766374655_DXPESW0000001256</ReceiverID>
		<SendTime>20190214122401001</SendTime>
		<Version>1.0</Version>
	</Head>
	<Response>
		<AdditionalInformation>
			<StatementCode>03</StatementCode>
			<StatementDescription>99001 报文填制不规范。The 'urn:Declaration:datamodel:standard:CN:MT1401:1:TypeID' element is invalid - The value 'AE' is invalid according to its datatype 'Declaration:CommunicationTypeIDType' - The Enumeration constraint failed.</StatementDescription>
		</AdditionalInformation>
	</Response>
</Manifest>
