<?xml version="1.0" encoding="UTF-8" standalone="yes"?>
<Manifest xmlns:ns2="urn:Declaration:datamodel:standard:CN:MTRES4:1">
	<ns2:Head>
		<ns2:MessageID>EPORT_MT1401_2019021210203040009</ns2:MessageID>
		<ns2:FunctionCode>9</ns2:FunctionCode>
		<ns2:MessageType>MT1401</ns2:MessageType>
		<ns2:SenderID>EPORT</ns2:SenderID>
		<ns2:ReceiverID>5345766374655_DXPESW0000001256</ns2:ReceiverID>
		<ns2:SendTime>20190214123959507</ns2:SendTime>
		<ns2:Version>1.0</ns2:Version>
	</ns2:Head>
	<ns2:Response>
		<ns2:ID>5345201902001</ns2:ID>
		<ns2:AdditionalInformation>
			<ns2:StatementCode>0</ns2:StatementCode>
			<ns2:StatementDescription>调用成功</ns2:StatementDescription>
		</ns2:AdditionalInformation>
	</ns2:Response>
</Manifest>
