<?xml version="1.0"?>
<ARRIVAL>
	<hash_sign/>
	<post_info>
		<POST_APPID>DE00460001</POST_APPID>
		<ICCARD_ID/>
		<ICCARD_NAME/>
		<UNIT_CODE>5163001</UNIT_CODE>
		<UNIT_NAME/>
		<VERSION>001</VERSION>
	</post_info>
	<arrival_ship>
		<SHIP_ID>gr0000004</SHIP_ID>
		<MANIFEST_NO/>
		<SHIP_NAME_EN>BO SHI YUN 24</SHIP_NAME_EN>
		<VOYAGE_NO>140528000004</VOYAGE_NO>
		<CUSTOMS_CODE>5163</CUSTOMS_CODE>
		<TRAF_MODE>2</TRAF_MODE>
		<I_E_DATE>2014-12-24T00:00:00</I_E_DATE>
		<OP_MODE>ADD</OP_MODE>
		<FLAG>1</FLAG>
	</arrival_ship>
	<arrival_conta>
		<MANIFEST_NO/>
		<CONTA_ID>TCNU7013406</CONTA_ID>
		<BILL_NO>CLT1405247</BILL_NO>
		<RECV_DATE>2014-12-24T00:00:00</RECV_DATE>
		<CONTA_MODEL/>
		<CONTA_STATUS>1</CONTA_STATUS>
		<SEAL_NO/>
		<TARE_WEIGHT>000000000000012.0000</TARE_WEIGHT>
		<TOTAL_CARGO>000000000000023.0000</TOTAL_CARGO>
		<TOTAL_MEASURE>000000000000044.0000</TOTAL_MEASURE>
		<TOTAL_PACK_NO>000000000000055.0000</TOTAL_PACK_NO>
		<TOTAL_WEIGHT>000000000000066.0000</TOTAL_WEIGHT>
		<IN_PORT_FLAG>Y</IN_PORT_FLAG>
		<IN_PORT_ADDR/>
		<IN_PORT_DATE>2014-12-24T00:00:00</IN_PORT_DATE>
		<D_PORT_CODE>5163001</D_PORT_CODE>
		<PLACE/>
	</arrival_conta>
</ARRIVAL>
